AAPL,
MSFT,
NVDA,
AMZN,
META,
GOOGL,
GOOG,
BRK.B,
LLY,
AVGO
TSLA,
JPM,
UNH,
V,
XOM,
MA,
JNJ,
PG,
HD,
COST
ABBV,
AMD,
MRK,
NFLX,
PEP,
CVX,
TMO,
WMT,
KO,
BAC
ADBE,
QCOM,
CRM,
ACN,
LIN,
ORCL,
MCD,
INTU,
CSCO,
WFC
DIS,
ABT,
GE,
CAT,
VZ,
TXN,
AMAT,
AMGN,
CMG,
IBM
BKNG,
UNP,
COP,
GS,
LOW,
PM,
TJX,
SPGI,
HON,
REGN
ISRG,
ETN,
NOW,
GEV,
RTX,
ELV,
MDT,
PANW,
BLK,
PFE
LRCX,
PLTR,
SYK,
C,
MS,
DE,
MU,
BSX,
LMT,
ADP
ADI,
MMC,
FI,
SBUX,
MDLZ,
MO,
GILD,
CB,
SHW,
PGR
CI,
AMT,
SCHW,
CVS,
CME,
BX,
CDNS,
T,
CRWD,
NOC,

ZTS,
MCK,
KLAC,
EQIX,
COF,
DHR,
ICE,
BMY,
SNPS,
SO
EMR,
FTNT,
PYPL,
TGT,
PH,
NXPI,
WM,
COR,
MET,
HLT
GD,
ADSK,
PCAR,
ROST,
MAR,
ECL,
ITW,
KMB,
NSC,
APD
ODFL,
TT,
CEG,
CTAS,
CNC,
FDX,
AJG,
ALL,
AMCR,
AMP
AON,
APH,
APA,
BALL,
BAX,
BBY,
BDX,
BEN,
BIIB,
BIO
BK,
BKR,
BRO,
BWA,
BXP,
CAG,
CAH,
CARR,
CBOE,
CBRE
CCI,
CCK,
CHD,
CHR,
CINF,
CL,
CLX,
CMA,
CMI,
CMS
CNP,
COO,
CPB,
CPRT,
CSX,
CTVA,
CTRA,
CTSH,
CUBE,
CW
D,
DAL,
DD,
DFS,
DG,
DGX,
DHI,
DLTR,
DOV,
DOW
DPZ,
DRI,
DTE,
DUK,
DVA,
DVN,
DXCM,
EA,
EBAY,
ED,

EFX,
EG,
EIX,
EL,
EMN,
ENPH,
EOG,
EPAM,
EQH,
EQR
EQT,
ES,
ESS,
EVRG,
EW,
EXC,
EXPD,
EXPE,
EXR,
F
FANG,
FAST,
FCX,
FDS,
FE,
FFIV,
FICO,
FIS,
FITB,
FMC
FOXA,
FRT,
FSLR,
FTV,
GIS,
GL,
GLW,
GM,
GMED,
GNRC
GPC,
GPN,
GRMN,
GWRE,
GWW,
HAL,
HAS,
HBAN,
HCA,
HES
HIG,
HII,
HOLX,
HPE,
HPQ,
HRL,
HSIC,
HST,
HSY,
HUM
IDXX,
IEX,
IFF,
ILMN,
INCY,
IP,
IPG,
IQV,
IR,
IRM
IT,
IVZ,
J,
JBHT,
JCI,
JKHY,
JNPR,
K,
KDP,
KEY
KEYS,
KHC,
KIM,
KMI,
KMX,
KNX,
KVUE,
L,
LH,
LHX
LKQ,
LNC,
LNT,
LULU,
LUV,
LVS,
LW,
LYB,
LYV,
MCHP
ASML,
SAP,
MC,
OR,
RMS,
TTE,
SIE,
ALV,
SAN,
SU,
AIR,
AI,
DTE,
IBER,
VOW3,
BAYN,
BMW,
MBG,
BAS,
MUV2
DHL,
IFX,
RWE,
EOAN,
HEI,
CON,
DB1,
DBK,
CBK,
HEN3
ADS,
PUM,
SY1,
LHA,
QIA,
BN,
DG,
CS,
BNP,
ENGI
CA,
ML,
LR,
SGO,
RI,
ORAN,
GLE,
ACA,
EN,
SW
BBVA,
ELE,
ITX,
TEF,
AMS,
ENG,
FER,
REP,
PRX,
ING
AD,
ASM,
AKZA,
HEIA,
WKL,
DSFIR,
NN,
PHIA,
ABI,
UCB
SOLB,
RACE,
ENI,
ENEL,
ISP,
UCG,
STLAM,
PRY,
TRN,
SRG
NOKIA,
SAMPO,
NESTE,
UPM,
VOLVB,
ERICB,
SEBA,
SHBA,
SWEDA,
SAND
ATCOA,
HMB,
NOVOB,
MAERSKB,
DSV,
CARLB,
ORSTED,
VWS,
PUB,
VIV,
RNO,
FR,
VOW3,
ABF,
MBG,
RWE,
ENB,
INTC,
JNJ,
PFE,
QCOM,
AIR,
TTE,
BARC,
SAN,
DBK,
RR,
SYK